{
  "det_imgsz": 640,
  "det_min_conf": 0.30,
  "max_det": 3,

  "bird_class_id": 14,

  "pad": 0.12,
  "min_crop": 48,

  "cls_imgsz": 224,
  "cls_min_prob": 0.55,

  "beta": 1.5,
  "winner_policy": "max",

  "only_top1_det": false,

  "cls_mean": [
    0.48637559726934554,
    0.4840848466125252,
    0.4481748922135937
  ],
  "cls_std":  [
    0.22855992423587554,
    0.22867489680861877,
    0.25331295050563984
  ]
}
